{
    "hyperparameters": {
        "train_size": 5120,
        "test_size": 256,
        "test_from_data": true,
        "batch_size": 512,
        "n_points": 20,
        "n_steps": 200,
        "n": 8,
        "gamma": 0.99,
        "render": false,
        "render_from_epoch": 0,
        "update_value": false,
        "epochs": 1,
        "lr": 0.001,
        "wd": 1e-05,
        "beta": 0.005,
        "zeta": 0.5,
        "max_grad_norm": 0.3,
        "no_norm_return": false,
        "log_interval": 1,
        "rms_prop": false,
        "adam_beta1": 0.9,
        "adam_beta2": 0.999,
        "gpu": true,
        "gpu_n": 1,
        "input_dim": 2,
        "embedding_dim": 128,
        "hidden_dim": 128,
        "n_rnn_layers": 1,
        "n_actions": 2,
        "graph_ref": false,
        "name": "",
        "load_path": "",
        "log_dir": "logs",
        "data_dir": "data",
        "model_dir": "models"
    },
    "train_reward": {
        "val": [
            2.53923837890625
        ],
        "avg": [
            2.53923837890625
        ],
        "sum": [
            2.53923837890625
        ],
        "count": [
            1
        ],
        "exp_avg": [
            2.53923837890625
        ],
        "min": [
            2.53923837890625
        ],
        "max": [
            2.53923837890625
        ]
    },
    "train_init_dist": {
        "val": [
            104348.89609375
        ],
        "avg": [
            104348.89609375
        ],
        "sum": [
            104348.89609375
        ],
        "count": [
            1
        ],
        "exp_avg": [
            104348.89609375
        ],
        "min": [
            104348.89609375
        ],
        "max": [
            104348.89609375
        ]
    },
    "train_best_dist": {
        "val": [
            78643.85703125
        ],
        "avg": [
            78643.85703125
        ],
        "sum": [
            78643.85703125
        ],
        "count": [
            1
        ],
        "exp_avg": [
            78643.85703125
        ],
        "min": [
            78643.85703125
        ],
        "max": [
            78643.85703125
        ]
    },
    "train_policy_loss": {
        "val": [
            3.151491284370422e-05
        ],
        "avg": [
            3.151491284370422e-05
        ],
        "sum": [
            3.151491284370422e-05
        ],
        "count": [
            1
        ],
        "exp_avg": [
            3.151491284370422e-05
        ],
        "min": [
            3.151491284370422e-05
        ],
        "max": [
            3.151491284370422e-05
        ]
    },
    "train_entropy_loss": {
        "val": [
            0.01128550261259079
        ],
        "avg": [
            0.01128550261259079
        ],
        "sum": [
            0.01128550261259079
        ],
        "count": [
            1
        ],
        "exp_avg": [
            0.01128550261259079
        ],
        "min": [
            0.01128550261259079
        ],
        "max": [
            0.01128550261259079
        ]
    },
    "train_value_loss": {
        "val": [
            0.499808589220047
        ],
        "avg": [
            0.499808589220047
        ],
        "sum": [
            0.499808589220047
        ],
        "count": [
            1
        ],
        "exp_avg": [
            0.499808589220047
        ],
        "min": [
            0.499808589220047
        ],
        "max": [
            0.499808589220047
        ]
    },
    "train_loss": {
        "val": [
            0.4095560836791992
        ],
        "avg": [
            0.4095560836791992
        ],
        "sum": [
            0.4095560836791992
        ],
        "count": [
            1
        ],
        "exp_avg": [
            0.4095560836791992
        ],
        "min": [
            0.4095560836791992
        ],
        "max": [
            0.4095560836791992
        ]
    },
    "val_reward": {
        "val": [
            2.1986089843750003
        ],
        "avg": [
            2.1986089843750003
        ],
        "sum": [
            2.1986089843750003
        ],
        "count": [
            1
        ],
        "exp_avg": [
            2.1986089843750003
        ],
        "min": [
            2.1986089843750003
        ],
        "max": [
            2.1986089843750003
        ]
    },
    "val_init_dist": {
        "val": [
            104330.140625
        ],
        "avg": [
            104330.140625
        ],
        "sum": [
            104330.140625
        ],
        "count": [
            1
        ],
        "exp_avg": [
            104330.140625
        ],
        "min": [
            104330.140625
        ],
        "max": [
            104330.140625
        ]
    },
    "val_best_dist": {
        "val": [
            82033.35546875
        ],
        "avg": [
            82033.35546875
        ],
        "sum": [
            82033.35546875
        ],
        "count": [
            1
        ],
        "exp_avg": [
            82033.35546875
        ],
        "min": [
            82033.35546875
        ],
        "max": [
            82033.35546875
        ]
    }
}