{
    "hyperparameters": {
        "train_size": 5120,
        "test_size": 256,
        "test_from_data": true,
        "batch_size": 512,
        "n_points": 20,
        "n_steps": 200,
        "n": 8,
        "gamma": 0.99,
        "render": false,
        "render_from_epoch": 0,
        "update_value": false,
        "epochs": 1,
        "lr": 0.001,
        "wd": 1e-05,
        "beta": 0.005,
        "zeta": 0.5,
        "max_grad_norm": 0.3,
        "no_norm_return": false,
        "log_interval": 1,
        "rms_prop": false,
        "adam_beta1": 0.9,
        "adam_beta2": 0.999,
        "gpu": true,
        "gpu_n": 1,
        "input_dim": 2,
        "embedding_dim": 128,
        "hidden_dim": 128,
        "n_rnn_layers": 1,
        "n_actions": 2,
        "graph_ref": false,
        "name": "",
        "load_path": "",
        "log_dir": "logs",
        "data_dir": "data",
        "model_dir": "models"
    },
    "train_reward": {
        "val": [
            2.1732495703125
        ],
        "avg": [
            2.1732495703125
        ],
        "sum": [
            2.1732495703125
        ],
        "count": [
            1
        ],
        "exp_avg": [
            2.1732495703125
        ],
        "min": [
            2.1732495703125
        ],
        "max": [
            2.1732495703125
        ]
    },
    "train_init_dist": {
        "val": [
            104155.2443359375
        ],
        "avg": [
            104155.2443359375
        ],
        "sum": [
            104155.2443359375
        ],
        "count": [
            1
        ],
        "exp_avg": [
            104155.2443359375
        ],
        "min": [
            104155.2443359375
        ],
        "max": [
            104155.2443359375
        ]
    },
    "train_best_dist": {
        "val": [
            82201.0875
        ],
        "avg": [
            82201.0875
        ],
        "sum": [
            82201.0875
        ],
        "count": [
            1
        ],
        "exp_avg": [
            82201.0875
        ],
        "min": [
            82201.0875
        ],
        "max": [
            82201.0875
        ]
    },
    "train_policy_loss": {
        "val": [
            0.0038135994225740434
        ],
        "avg": [
            0.0038135994225740434
        ],
        "sum": [
            0.0038135994225740434
        ],
        "count": [
            1
        ],
        "exp_avg": [
            0.0038135994225740434
        ],
        "min": [
            0.0038135994225740434
        ],
        "max": [
            0.0038135994225740434
        ]
    },
    "train_entropy_loss": {
        "val": [
            0.011283286847174168
        ],
        "avg": [
            0.011283286847174168
        ],
        "sum": [
            0.011283286847174168
        ],
        "count": [
            1
        ],
        "exp_avg": [
            0.011283286847174168
        ],
        "min": [
            0.011283286847174168
        ],
        "max": [
            0.011283286847174168
        ]
    },
    "train_value_loss": {
        "val": [
            0.4999115777015686
        ],
        "avg": [
            0.4999115777015686
        ],
        "sum": [
            0.4999115777015686
        ],
        "count": [
            1
        ],
        "exp_avg": [
            0.4999115777015686
        ],
        "min": [
            0.4999115777015686
        ],
        "max": [
            0.4999115777015686
        ]
    },
    "train_loss": {
        "val": [
            0.4134588813781738
        ],
        "avg": [
            0.4134588813781738
        ],
        "sum": [
            0.4134588813781738
        ],
        "count": [
            1
        ],
        "exp_avg": [
            0.4134588813781738
        ],
        "min": [
            0.4134588813781738
        ],
        "max": [
            0.4134588813781738
        ]
    },
    "val_reward": {
        "val": [
            2.0363703125
        ],
        "avg": [
            2.0363703125
        ],
        "sum": [
            2.0363703125
        ],
        "count": [
            1
        ],
        "exp_avg": [
            2.0363703125
        ],
        "min": [
            2.0363703125
        ],
        "max": [
            2.0363703125
        ]
    },
    "val_init_dist": {
        "val": [
            102061.421875
        ],
        "avg": [
            102061.421875
        ],
        "sum": [
            102061.421875
        ],
        "count": [
            1
        ],
        "exp_avg": [
            102061.421875
        ],
        "min": [
            102061.421875
        ],
        "max": [
            102061.421875
        ]
    },
    "val_best_dist": {
        "val": [
            81484.1875
        ],
        "avg": [
            81484.1875
        ],
        "sum": [
            81484.1875
        ],
        "count": [
            1
        ],
        "exp_avg": [
            81484.1875
        ],
        "min": [
            81484.1875
        ],
        "max": [
            81484.1875
        ]
    }
}