{
    "hyperparameters": {
        "train_size": 5120,
        "test_size": 256,
        "test_from_data": true,
        "batch_size": 512,
        "n_points": 20,
        "n_steps": 1,
        "n": 8,
        "gamma": 0.99,
        "render": false,
        "render_from_epoch": 0,
        "update_value": false,
        "epochs": 5,
        "lr": 0.001,
        "wd": 1e-05,
        "beta": 0.005,
        "zeta": 0.5,
        "max_grad_norm": 0.3,
        "no_norm_return": false,
        "log_interval": 1,
        "rms_prop": false,
        "adam_beta1": 0.9,
        "adam_beta2": 0.999,
        "gpu": true,
        "gpu_n": 1,
        "input_dim": 2,
        "embedding_dim": 128,
        "hidden_dim": 128,
        "n_rnn_layers": 1,
        "n_actions": 2,
        "graph_ref": false,
        "name": "",
        "load_path": "",
        "log_dir": "logs",
        "data_dir": "data",
        "model_dir": "models"
    },
    "train_reward": {
        "val": [
            0.159008984375,
            0.1595824609375,
            0.160202734375,
            0.19138023437499999,
            0.21695220703125
        ],
        "avg": [
            0.159008984375,
            0.15929572265625,
            0.15959805989583334,
            0.167543603515625,
            0.17742532421875
        ],
        "sum": [
            0.159008984375,
            0.3185914453125,
            0.4787941796875,
            0.6701744140625,
            0.8871266210937501
        ],
        "count": [
            1,
            2,
            3,
            4,
            5
        ],
        "exp_avg": [
            0.159008984375,
            0.15906633203124998,
            0.159179972265625,
            0.1623999984765625,
            0.16785521933203124
        ],
        "min": [
            0.159008984375,
            0.159008984375,
            0.159008984375,
            0.159008984375,
            0.159008984375
        ],
        "max": [
            0.159008984375,
            0.1595824609375,
            0.160202734375,
            0.19138023437499999,
            0.21695220703125
        ]
    },
    "train_init_dist": {
        "val": [
            104348.58046875,
            103952.526953125,
            104331.2669921875,
            103912.6501953125,
            104121.491796875
        ],
        "avg": [
            104348.58046875,
            104150.5537109375,
            104210.79147135415,
            104136.25615234375,
            104133.30328124999
        ],
        "sum": [
            104348.58046875,
            208301.107421875,
            312632.3744140625,
            416545.024609375,
            520666.51640624995
        ],
        "count": [
            1,
            2,
            3,
            4,
            5
        ],
        "exp_avg": [
            104348.58046875,
            104308.97511718751,
            104311.2043046875,
            104271.34889375001,
            104256.36318406252
        ],
        "min": [
            104348.58046875,
            103952.526953125,
            103952.526953125,
            103912.6501953125,
            103912.6501953125
        ],
        "max": [
            104348.58046875,
            104348.58046875,
            104348.58046875,
            104348.58046875,
            104348.58046875
        ]
    },
    "train_best_dist": {
        "val": [
            102715.415625,
            102329.1404296875,
            102694.9443359375,
            101938.3138671875,
            101886.21171875
        ],
        "avg": [
            102715.415625,
            102522.27802734374,
            102579.83346354165,
            102419.45356445311,
            102312.8051953125
        ],
        "sum": [
            102715.415625,
            205044.55605468748,
            307739.500390625,
            409677.81425781245,
            511564.02597656247
        ],
        "count": [
            1,
            2,
            3,
            4,
            5
        ],
        "exp_avg": [
            102715.415625,
            102676.78810546875,
            102678.60372851562,
            102604.57474238281,
            102532.73844001953
        ],
        "min": [
            102715.415625,
            102329.1404296875,
            102329.1404296875,
            101938.3138671875,
            101886.21171875
        ],
        "max": [
            102715.415625,
            102715.415625,
            102715.415625,
            102715.415625,
            102715.415625
        ]
    },
    "train_policy_loss": {
        "val": [
            -0.2214137315750122,
            -0.11289190500974655,
            0.005460318177938461,
            -0.025799017399549484,
            0.0026635415852069855
        ],
        "avg": [
            -0.2214137315750122,
            -0.16715281829237938,
            -0.10961510613560677,
            -0.08866108395159245,
            -0.07039615884423256
        ],
        "sum": [
            -0.2214137315750122,
            -0.33430563658475876,
            -0.3288453184068203,
            -0.3546443358063698,
            -0.3519807942211628
        ],
        "count": [
            1,
            2,
            3,
            4,
            5
        ],
        "exp_avg": [
            -0.2214137315750122,
            -0.21056154891848564,
            -0.18895936220884324,
            -0.17264332772791388,
            -0.1551126407966018
        ],
        "min": [
            -0.2214137315750122,
            -0.2214137315750122,
            -0.2214137315750122,
            -0.2214137315750122,
            -0.2214137315750122
        ],
        "max": [
            -0.2214137315750122,
            -0.11289190500974655,
            0.005460318177938461,
            0.005460318177938461,
            0.005460318177938461
        ]
    },
    "train_entropy_loss": {
        "val": [
            0.0013219304382801056,
            0.0011634273687377572,
            0.0009991384577006102,
            0.0007173321209847927,
            0.0006254265317693353
        ],
        "avg": [
            0.0013219304382801056,
            0.0012426789035089314,
            0.0011614987549061577,
            0.0010504570964258164,
            0.0009654509834945202
        ],
        "sum": [
            0.0013219304382801056,
            0.002485357807017863,
            0.003484496264718473,
            0.004201828385703266,
            0.004827254917472601
        ],
        "count": [
            1,
            2,
            3,
            4,
            5
        ],
        "exp_avg": [
            0.0013219304382801056,
            0.0013060801313258708,
            0.0012753859639633449,
            0.0012195805796654897,
            0.0011601651748758743
        ],
        "min": [
            0.0013219304382801056,
            0.0011634273687377572,
            0.0009991384577006102,
            0.0007173321209847927,
            0.0006254265317693353
        ],
        "max": [
            0.0013219304382801056,
            0.0013219304382801056,
            0.0013219304382801056,
            0.0013219304382801056,
            0.0013219304382801056
        ]
    },
    "train_value_loss": {
        "val": [
            0.5025653839111328,
            0.49977561831474304,
            0.4990304410457611,
            0.49885275959968567,
            0.49982014298439026
        ],
        "avg": [
            0.5025653839111328,
            0.5011705011129379,
            0.5004571477572123,
            0.5000560507178307,
            0.5000088691711426
        ],
        "sum": [
            0.5025653839111328,
            1.0023410022258759,
            1.501371443271637,
            2.0002242028713226,
            2.500044345855713
        ],
        "count": [
            1,
            2,
            3,
            4,
            5
        ],