{"Points":{"0":[[0.0008791679,0.7424027288],
  [0.1204685068,0.474595289],[0.7821261596,0.6880915921],
  [0.3116994954,0.719567829],[0.3736216093,0.544825584],
  [0.5968701809,0.5493358634],[0.2800536607,0.6279356867],
  [0.2274784253,0.5671477459],[0.2413891677,0.1482366654],
  [0.0150713458,0.7813774348],[0.7259931614,0.1824694055],
  [0.1614746907,0.8511458467],[0.378238479,0.4513205187],
  [0.686811221,0.4565766183],[0.1236804507,0.2961860287],
  [0.784548806,0.2252872589],[0.8088127102,0.8137724892],
  [0.1147681206,0.3310364554],[0.2169018249,0.4581540416],
  [0.3397685168,0.4000028516]]}, "OptimalCosts": {"0":  [0.380302]}}