{"Points":{"0":[[0.09203588, 0.0624761 ],
       [0.11493822, 0.09813699],
       [0.18351543, 0.14338534],
       [0.15749763, 0.05576302],
       [0.16656584, 0.13884196],
       [0.00942056, 0.01346324],
       [0.05424238, 0.07503066],
       [0.17411341, 0.14748365],
       [0.04157656, 0.13496618],
       [0.03169239, 0.09227696],
       [0.16324639, 0.07432597],
       [0.07593934, 0.13750676],
       [0.15362185, 0.06073293],
       [0.15571737, 0.15441926],
       [0.18221732, 0.15173032],
       [0.12124332, 0.13991753],
       [0.17407633, 0.13411313],
       [0.05592992, 0.13053406],
       [0.15922226, 0.1438304 ],
       [0.03226726, 0.15512394],
       [0.11230491, 0.09003308],
       [0.00406122, 0.01976834],
       [0.1433297 , 0.09504007],
       [0.05348206, 0.06716783],
       [0.15721946, 0.08777067],
       [0.0271861 , 0.07929587],
       [0.09598584, 0.12645429],
       [0.16791958, 0.00129811],
       [0.02696356, 0.07575389],
       [0.12456277, 0.04283757],
       [0.04634247, 0.11701519],
       [0.06032495, 0.1012339 ],
       [0.07516047, 0.16712217],
       [0.08526717, 0.00795555],
       [0.07067273, 0.16923624],
       [0.08165101, 0.14905992],
       [0.07809049, 0.01709794],
       [0.13611593, 0.06553593],
       [0.11974122, 0.12801202],
       [0.11909217, 0.02970814]]
  },"OptTour":{"0": [0,20,1,37,29,39,27,3,12,10,24,22,16,2,14,7,4, 18,13,15,38,26,11,35,32,34,19,8,17,30,31,6,23,9,25,28,21,5,33,36]},
    "OptCosts": {"0":  [0.936842]}}